<?xml version="1.0" encoding="UTF-8"?>
<project-private xmlns="http://www.netbeans.org/ns/project-private/1">
    <editor-bookmarks xmlns="http://www.netbeans.org/ns/editor-bookmarks/2" lastBookmarkId="0"/>
    <open-files xmlns="http://www.netbeans.org/ns/projectui-open-files/2">
        <group>
            <file>file:/E:/user/Documents/SPRING25/PRJ301/PRJ301/WS1/web/searchProjects.jsp</file>
            <file>file:/E:/user/Documents/SPRING25/PRJ301/PRJ301/WS1/web/viewProjects.jsp</file>
            <file>file:/E:/user/Documents/SPRING25/PRJ301/PRJ301/WS1/web/updateProjectStatus.jsp</file>
        </group>
    </open-files>
</project-private>
